[{"Songs":[{"GenreSong":"Rock","NumberOfListeners":190000000,"Year":1976,"Artist":"Eagles","Title":"Hotel California"},{"GenreSong":"Pop","NumberOfListeners":180000000,"Year":2011,"Artist":"The Weeknd","Title":"Rolling Stone"},{"GenreSong":"Soul","NumberOfListeners":90000000,"Year":1971,"Artist":"Marvin Gaye","Title":"What\u0027s Going On"},{"GenreSong":"Pop","NumberOfListeners":300000000,"Year":2010,"Artist":"Adele","Title":"Rolling in the Deep"},{"GenreSong":"Country","NumberOfListeners":350000000,"Year":2019,"Artist":"Lil Nas X","Title":"Old Town Road"},{"GenreSong":"Rock","NumberOfListeners":95000000,"Year":1966,"Artist":"The Beach Boys","Title":"Good Vibrations"},{"GenreSong":"Pop","NumberOfListeners":200000000,"Year":1982,"Artist":"Michael Jackson","Title":"Billie Jean"},{"GenreSong":"Disco","NumberOfListeners":160000000,"Year":1977,"Artist":"Bee Gees","Title":"Stayin\u0027 Alive"},{"GenreSong":"HipHop","NumberOfListeners":250000000,"Year":2002,"Artist":"Eminem","Title":"Lose Yourself"},{"GenreSong":"Rock","NumberOfListeners":130000000,"Year":1965,"Artist":"Bob Dylan","Title":"Like a Rolling Stone"},{"GenreSong":"Rock","NumberOfListeners":130000000,"Year":1965,"Artist":"Bob Dylan","Title":"Like a Rolling Stone"},{"GenreSong":"Pop","NumberOfListeners":220000000,"Year":2013,"Artist":"Lorde","Title":"Royals"},{"GenreSong":"Funk","NumberOfListeners":85000000,"Year":1972,"Artist":"Stevie Wonder","Title":"Superstition"},{"GenreSong":"Rock","NumberOfListeners":130000000,"Year":1965,"Artist":"Bob Dylan","Title":"Like a Rolling Stone"},{"GenreSong":"Rock","NumberOfListeners":90000000,"Year":1991,"Artist":"U2","Title":"One"}],"Name":"RussiaChart"},{"Songs":[{"GenreSong":"Rock","NumberOfListeners":130000000,"Year":1980,"Artist":"AC/DC","Title":"Back in Black"},{"GenreSong":"Pop","NumberOfListeners":220000000,"Year":2013,"Artist":"Lorde","Title":"Royals"},{"GenreSong":"Rock","NumberOfListeners":170000000,"Year":1987,"Artist":"Guns N\u0027 Roses","Title":"Sweet Child o\u0027 Mine"},{"GenreSong":"Rock","NumberOfListeners":90000000,"Year":1991,"Artist":"U2","Title":"One"},{"GenreSong":"Pop","NumberOfListeners":210000000,"Year":1992,"Artist":"Whitney Houston","Title":"I Will Always Love You"},{"GenreSong":"Disco","NumberOfListeners":160000000,"Year":1977,"Artist":"Bee Gees","Title":"Stayin\u0027 Alive"},{"GenreSong":"Pop","NumberOfListeners":200000000,"Year":1982,"Artist":"Michael Jackson","Title":"Billie Jean"},{"GenreSong":"Soul","NumberOfListeners":90000000,"Year":1971,"Artist":"Marvin Gaye","Title":"What\u0027s Going On"},{"GenreSong":"Country","NumberOfListeners":350000000,"Year":2019,"Artist":"Lil Nas X","Title":"Old Town Road"},{"GenreSong":"Pop","NumberOfListeners":250000000,"Year":2014,"Artist":"Taylor Swift","Title":"Shake It Off"},{"GenreSong":"Rock","NumberOfListeners":90000000,"Year":1991,"Artist":"U2","Title":"One"},{"GenreSong":"Rock","NumberOfListeners":100000000,"Year":1984,"Artist":"Prince","Title":"Purple Rain"},{"GenreSong":"Pop","NumberOfListeners":200000000,"Year":2003,"Artist":"Beyonc\u00E9","Title":"Crazy in Love"},{"GenreSong":"Rock","NumberOfListeners":140000000,"Year":1971,"Artist":"John Lennon","Title":"Imagine"},{"GenreSong":"Rock","NumberOfListeners":120000000,"Year":1991,"Artist":"Nirvana","Title":"Smells Like Teen Spirit"}],"Name":"AmericanChart"},{"Songs":[{"GenreSong":"Pop","NumberOfListeners":200000000,"Year":2003,"Artist":"Beyonc\u00E9","Title":"Crazy in Love"},{"GenreSong":"Funk","NumberOfListeners":300000000,"Year":2014,"Artist":"Mark Ronson ft. Bruno Mars","Title":"Uptown Funk"},{"GenreSong":"Rock","NumberOfListeners":130000000,"Year":1980,"Artist":"AC/DC","Title":"Back in Black"},{"GenreSong":"Rock","NumberOfListeners":130000000,"Year":1965,"Artist":"Bob Dylan","Title":"Like a Rolling Stone"},{"GenreSong":"Soul","NumberOfListeners":110000000,"Year":1967,"Artist":"Aretha Franklin","Title":"Respect"},{"GenreSong":"Rock","NumberOfListeners":90000000,"Year":1991,"Artist":"U2","Title":"One"},{"GenreSong":"Rock","NumberOfListeners":180000000,"Year":1968,"Artist":"The Beatles","Title":"Hey Jude"},{"GenreSong":"Disco","NumberOfListeners":160000000,"Year":1977,"Artist":"Bee Gees","Title":"Stayin\u0027 Alive"},{"GenreSong":"HipHop","NumberOfListeners":250000000,"Year":2002,"Artist":"Eminem","Title":"Lose Yourself"},{"GenreSong":"Pop","NumberOfListeners":200000000,"Year":1982,"Artist":"Michael Jackson","Title":"Billie Jean"},{"GenreSong":"Rock","NumberOfListeners":140000000,"Year":1971,"Artist":"John Lennon","Title":"Imagine"},{"GenreSong":"Rock","NumberOfListeners":150000000,"Year":1975,"Artist":"Queen","Title":"Bohemian Rhapsody"},{"GenreSong":"Rock","NumberOfListeners":140000000,"Year":1971,"Artist":"John Lennon","Title":"Imagine"},{"GenreSong":"Rock","NumberOfListeners":150000000,"Year":1975,"Artist":"Queen","Title":"Bohemian Rhapsody"},{"GenreSong":"Country","NumberOfListeners":350000000,"Year":2019,"Artist":"Lil Nas X","Title":"Old Town Road"}],"Name":"WorldChart"}]