<?xml version="1.0" encoding="utf-8"?>
<ArrayOfChart xmlns:xsi="http://www.w3.org/2001/XMLSchema-instance" xmlns:xsd="http://www.w3.org/2001/XMLSchema">
  <Chart>
    <Songs>
      <ChartSong>
        <Year>1967</Year>
        <Artist>Aretha Franklin</Artist>
        <Title>Respect</Title>
        <GenreSong>Soul</GenreSong>
        <NumberOfListeners>110000000</NumberOfListeners>
      </ChartSong>
      <ChartSong>
        <Year>1975</Year>
        <Artist>Queen</Artist>
        <Title>Bohemian Rhapsody</Title>
        <GenreSong>Rock</GenreSong>
        <NumberOfListeners>150000000</NumberOfListeners>
      </ChartSong>
      <ChartSong>
        <Year>2014</Year>
        <Artist>Taylor Swift</Artist>
        <Title>Shake It Off</Title>
        <GenreSong>Pop</GenreSong>
        <NumberOfListeners>250000000</NumberOfListeners>
      </ChartSong>
      <ChartSong>
        <Year>1980</Year>
        <Artist>AC/DC</Artist>
        <Title>Back in Black</Title>
        <GenreSong>Rock</GenreSong>
        <NumberOfListeners>130000000</NumberOfListeners>
      </ChartSong>
    </Songs>
    <Name>RussiaChart</Name>
  </Chart>
  <Chart>
    <Songs>
      <ChartSong>
        <Year>1971</Year>
        <Artist>John Lennon</Artist>
        <Title>Imagine</Title>
        <GenreSong>Rock</GenreSong>
        <NumberOfListeners>140000000</NumberOfListeners>
      </ChartSong>
      <ChartSong>
        <Year>1975</Year>
        <Artist>Queen</Artist>
        <Title>Bohemian Rhapsody</Title>
        <GenreSong>Rock</GenreSong>
        <NumberOfListeners>150000000</NumberOfListeners>
      </ChartSong>
      <ChartSong>
        <Year>2014</Year>
        <Artist>Taylor Swift</Artist>
        <Title>Shake It Off</Title>
        <GenreSong>Pop</GenreSong>
        <NumberOfListeners>250000000</NumberOfListeners>
      </ChartSong>
      <ChartSong>
        <Year>1980</Year>
        <Artist>AC/DC</Artist>
        <Title>Back in Black</Title>
        <GenreSong>Rock</GenreSong>
        <NumberOfListeners>130000000</NumberOfListeners>
      </ChartSong>
    </Songs>
    <Name>AmericanChart</Name>
  </Chart>
  <Chart>
    <Songs>
      <ChartSong>
        <Year>2013</Year>
        <Artist>Lorde</Artist>
        <Title>Royals</Title>
        <GenreSong>Pop</GenreSong>
        <NumberOfListeners>220000000</NumberOfListeners>
      </ChartSong>
      <ChartSong>
        <Year>1975</Year>
        <Artist>Queen</Artist>
        <Title>Bohemian Rhapsody</Title>
        <GenreSong>Rock</GenreSong>
        <NumberOfListeners>150000000</NumberOfListeners>
      </ChartSong>
      <ChartSong>
        <Year>2014</Year>
        <Artist>Taylor Swift</Artist>
        <Title>Shake It Off</Title>
        <GenreSong>Pop</GenreSong>
        <NumberOfListeners>250000000</NumberOfListeners>
      </ChartSong>
      <ChartSong>
        <Year>1980</Year>
        <Artist>AC/DC</Artist>
        <Title>Back in Black</Title>
        <GenreSong>Rock</GenreSong>
        <NumberOfListeners>130000000</NumberOfListeners>
      </ChartSong>
    </Songs>
    <Name>WorldChart</Name>
  </Chart>
</ArrayOfChart>