<?xml version="1.0" encoding="utf-8"?>
<ArrayOfChart xmlns:xsi="http://www.w3.org/2001/XMLSchema-instance" xmlns:xsd="http://www.w3.org/2001/XMLSchema">
  <Chart>
    <Songs>
      <ChartSong>
        <Year>1976</Year>
        <Artist>Eagles</Artist>
        <Title>Hotel California</Title>
        <GenreSong>Rock</GenreSong>
        <NumberOfListeners>190000000</NumberOfListeners>
      </ChartSong>
      <ChartSong>
        <Year>2011</Year>
        <Artist>The Weeknd</Artist>
        <Title>Rolling Stone</Title>
        <GenreSong>Pop</GenreSong>
        <NumberOfListeners>180000000</NumberOfListeners>
      </ChartSong>
      <ChartSong>
        <Year>1971</Year>
        <Artist>Marvin Gaye</Artist>
        <Title>What's Going On</Title>
        <GenreSong>Soul</GenreSong>
        <NumberOfListeners>90000000</NumberOfListeners>
      </ChartSong>
      <ChartSong>
        <Year>2010</Year>
        <Artist>Adele</Artist>
        <Title>Rolling in the Deep</Title>
        <GenreSong>Pop</GenreSong>
        <NumberOfListeners>300000000</NumberOfListeners>
      </ChartSong>
      <ChartSong>
        <Year>2019</Year>
        <Artist>Lil Nas X</Artist>
        <Title>Old Town Road</Title>
        <GenreSong>Country</GenreSong>
        <NumberOfListeners>350000000</NumberOfListeners>
      </ChartSong>
      <ChartSong>
        <Year>1966</Year>
        <Artist>The Beach Boys</Artist>
        <Title>Good Vibrations</Title>
        <GenreSong>Rock</GenreSong>
        <NumberOfListeners>95000000</NumberOfListeners>
      </ChartSong>
      <ChartSong>
        <Year>1982</Year>
        <Artist>Michael Jackson</Artist>
        <Title>Billie Jean</Title>
        <GenreSong>Pop</GenreSong>
        <NumberOfListeners>200000000</NumberOfListeners>
      </ChartSong>
      <ChartSong>
        <Year>1977</Year>
        <Artist>Bee Gees</Artist>
        <Title>Stayin' Alive</Title>
        <GenreSong>Disco</GenreSong>
        <NumberOfListeners>160000000</NumberOfListeners>
      </ChartSong>
      <ChartSong>
        <Year>2002</Year>
        <Artist>Eminem</Artist>
        <Title>Lose Yourself</Title>
        <GenreSong>HipHop</GenreSong>
        <NumberOfListeners>250000000</NumberOfListeners>
      </ChartSong>
      <ChartSong>
        <Year>1965</Year>
        <Artist>Bob Dylan</Artist>
        <Title>Like a Rolling Stone</Title>
        <GenreSong>Rock</GenreSong>
        <NumberOfListeners>130000000</NumberOfListeners>
      </ChartSong>
      <ChartSong>
        <Year>1965</Year>
        <Artist>Bob Dylan</Artist>
        <Title>Like a Rolling Stone</Title>
        <GenreSong>Rock</GenreSong>
        <NumberOfListeners>130000000</NumberOfListeners>
      </ChartSong>
      <ChartSong>
        <Year>2013</Year>
        <Artist>Lorde</Artist>
        <Title>Royals</Title>
        <GenreSong>Pop</GenreSong>
        <NumberOfListeners>220000000</NumberOfListeners>
      </ChartSong>
      <ChartSong>
        <Year>1972</Year>
        <Artist>Stevie Wonder</Artist>
        <Title>Superstition</Title>
        <GenreSong>Funk</GenreSong>
        <NumberOfListeners>85000000</NumberOfListeners>
      </ChartSong>
      <ChartSong>
        <Year>1965</Year>
        <Artist>Bob Dylan</Artist>
        <Title>Like a Rolling Stone</Title>
        <GenreSong>Rock</GenreSong>
        <NumberOfListeners>130000000</NumberOfListeners>
      </ChartSong>
      <ChartSong>
        <Year>1991</Year>
        <Artist>U2</Artist>
        <Title>One</Title>
        <GenreSong>Rock</GenreSong>
        <NumberOfListeners>90000000</NumberOfListeners>
      </ChartSong>
    </Songs>
    <Name>RussiaChart</Name>
  </Chart>
  <Chart>
    <Songs>
      <ChartSong>
        <Year>1980</Year>
        <Artist>AC/DC</Artist>
        <Title>Back in Black</Title>
        <GenreSong>Rock</GenreSong>
        <NumberOfListeners>130000000</NumberOfListeners>
      </ChartSong>
      <ChartSong>
        <Year>2013</Year>
        <Artist>Lorde</Artist>
        <Title>Royals</Title>
        <GenreSong>Pop</GenreSong>
        <NumberOfListeners>220000000</NumberOfListeners>
      </ChartSong>
      <ChartSong>
        <Year>1987</Year>
        <Artist>Guns N' Roses</Artist>
        <Title>Sweet Child o' Mine</Title>
        <GenreSong>Rock</GenreSong>
        <NumberOfListeners>170000000</NumberOfListeners>
      </ChartSong>
      <ChartSong>
        <Year>1991</Year>
        <Artist>U2</Artist>
        <Title>One</Title>
        <GenreSong>Rock</GenreSong>
        <NumberOfListeners>90000000</NumberOfListeners>
      </ChartSong>
      <ChartSong>
        <Year>1992</Year>
        <Artist>Whitney Houston</Artist>
        <Title>I Will Always Love You</Title>
        <GenreSong>Pop</GenreSong>
        <NumberOfListeners>210000000</NumberOfListeners>
      </ChartSong>
      <ChartSong>
        <Year>1977</Year>
        <Artist>Bee Gees</Artist>
        <Title>Stayin' Alive</Title>
        <GenreSong>Disco</GenreSong>
        <NumberOfListeners>160000000</NumberOfListeners>
      </ChartSong>
      <ChartSong>
        <Year>1982</Year>
        <Artist>Michael Jackson</Artist>
        <Title>Billie Jean</Title>
        <GenreSong>Pop</GenreSong>
        <NumberOfListeners>200000000</NumberOfListeners>
      </ChartSong>
      <ChartSong>
        <Year>1971</Year>
        <Artist>Marvin Gaye</Artist>
        <Title>What's Going On</Title>
        <GenreSong>Soul</GenreSong>
        <NumberOfListeners>90000000</NumberOfListeners>
      </ChartSong>
      <ChartSong>
        <Year>2019</Year>
        <Artist>Lil Nas X</Artist>
        <Title>Old Town Road</Title>
        <GenreSong>Country</GenreSong>
        <NumberOfListeners>350000000</NumberOfListeners>
      </ChartSong>
      <ChartSong>
        <Year>2014</Year>
        <Artist>Taylor Swift</Artist>
        <Title>Shake It Off</Title>
        <GenreSong>Pop</GenreSong>
        <NumberOfListeners>250000000</NumberOfListeners>
      </ChartSong>
      <ChartSong>
        <Year>1991</Year>
        <Artist>U2</Artist>
        <Title>One</Title>
        <GenreSong>Rock</GenreSong>
        <NumberOfListeners>90000000</NumberOfListeners>
      </ChartSong>
      <ChartSong>
        <Year>1984</Year>
        <Artist>Prince</Artist>
        <Title>Purple Rain</Title>
        <GenreSong>Rock</GenreSong>
        <NumberOfListeners>100000000</NumberOfListeners>
      </ChartSong>
      <ChartSong>
        <Year>2003</Year>
        <Artist>Beyoncé</Artist>
        <Title>Crazy in Love</Title>
        <GenreSong>Pop</GenreSong>
        <NumberOfListeners>200000000</NumberOfListeners>
      </ChartSong>
      <ChartSong>
        <Year>1971</Year>
        <Artist>John Lennon</Artist>
        <Title>Imagine</Title>
        <GenreSong>Rock</GenreSong>
        <NumberOfListeners>140000000</NumberOfListeners>
      </ChartSong>
      <ChartSong>
        <Year>1991</Year>
        <Artist>Nirvana</Artist>
        <Title>Smells Like Teen Spirit</Title>
        <GenreSong>Rock</GenreSong>
        <NumberOfListeners>120000000</NumberOfListeners>
      </ChartSong>
    </Songs>
    <Name>AmericanChart</Name>
  </Chart>
  <Chart>
    <Songs>
      <ChartSong>
        <Year>2003</Year>
        <Artist>Beyoncé</Artist>
        <Title>Crazy in Love</Title>
        <GenreSong>Pop</GenreSong>
        <NumberOfListeners>200000000</NumberOfListeners>
      </ChartSong>
      <ChartSong>
        <Year>2014</Year>
        <Artist>Mark Ronson ft. Bruno Mars</Artist>
        <Title>Uptown Funk</Title>
        <GenreSong>Funk</GenreSong>
        <NumberOfListeners>300000000</NumberOfListeners>
      </ChartSong>
      <ChartSong>
        <Year>1980</Year>
        <Artist>AC/DC</Artist>
        <Title>Back in Black</Title>
        <GenreSong>Rock</GenreSong>
        <NumberOfListeners>130000000</NumberOfListeners>
      </ChartSong>
      <ChartSong>
        <Year>1965</Year>
        <Artist>Bob Dylan</Artist>
        <Title>Like a Rolling Stone</Title>
        <GenreSong>Rock</GenreSong>
        <NumberOfListeners>130000000</NumberOfListeners>
      </ChartSong>
      <ChartSong>
        <Year>1967</Year>
        <Artist>Aretha Franklin</Artist>
        <Title>Respect</Title>
        <GenreSong>Soul</GenreSong>
        <NumberOfListeners>110000000</NumberOfListeners>
      </ChartSong>
      <ChartSong>
        <Year>1991</Year>
        <Artist>U2</Artist>
        <Title>One</Title>
        <GenreSong>Rock</GenreSong>
        <NumberOfListeners>90000000</NumberOfListeners>
      </ChartSong>
      <ChartSong>
        <Year>1968</Year>
        <Artist>The Beatles</Artist>
        <Title>Hey Jude</Title>
        <GenreSong>Rock</GenreSong>
        <NumberOfListeners>180000000</NumberOfListeners>
      </ChartSong>
      <ChartSong>
        <Year>1977</Year>
        <Artist>Bee Gees</Artist>
        <Title>Stayin' Alive</Title>
        <GenreSong>Disco</GenreSong>
        <NumberOfListeners>160000000</NumberOfListeners>
      </ChartSong>
      <ChartSong>
        <Year>2002</Year>
        <Artist>Eminem</Artist>
        <Title>Lose Yourself</Title>
        <GenreSong>HipHop</GenreSong>
        <NumberOfListeners>250000000</NumberOfListeners>
      </ChartSong>
      <ChartSong>
        <Year>1982</Year>
        <Artist>Michael Jackson</Artist>
        <Title>Billie Jean</Title>
        <GenreSong>Pop</GenreSong>
        <NumberOfListeners>200000000</NumberOfListeners>
      </ChartSong>
      <ChartSong>
        <Year>1971</Year>
        <Artist>John Lennon</Artist>
        <Title>Imagine</Title>
        <GenreSong>Rock</GenreSong>
        <NumberOfListeners>140000000</NumberOfListeners>
      </ChartSong>
      <ChartSong>
        <Year>1975</Year>
        <Artist>Queen</Artist>
        <Title>Bohemian Rhapsody</Title>
        <GenreSong>Rock</GenreSong>
        <NumberOfListeners>150000000</NumberOfListeners>
      </ChartSong>
      <ChartSong>
        <Year>1971</Year>
        <Artist>John Lennon</Artist>
        <Title>Imagine</Title>
        <GenreSong>Rock</GenreSong>
        <NumberOfListeners>140000000</NumberOfListeners>
      </ChartSong>
      <ChartSong>
        <Year>1975</Year>
        <Artist>Queen</Artist>
        <Title>Bohemian Rhapsody</Title>
        <GenreSong>Rock</GenreSong>
        <NumberOfListeners>150000000</NumberOfListeners>
      </ChartSong>
      <ChartSong>
        <Year>2019</Year>
        <Artist>Lil Nas X</Artist>
        <Title>Old Town Road</Title>
        <GenreSong>Country</GenreSong>
        <NumberOfListeners>350000000</NumberOfListeners>
      </ChartSong>
    </Songs>
    <Name>WorldChart</Name>
  </Chart>
</ArrayOfChart>